date,business_unit,loans_in_pipeline,loans_completed,avg_cycle_time_days,error_count,staff_count,overtime_hours
2024-01-01,Underwriting,240,54,9.9,7,47,13.6
2024-01-01,Closing,184,57,12.8,0,16,1.6
2024-01-01,Client Services,83,33,32.5,3,30,5.5
2024-01-01,Compliance,164,74,21.9,8,46,3.2
2024-01-01,Operations,129,65,15.2,7,45,15.1
2024-01-02,Underwriting,85,25,11.1,6,41,11.6
2024-01-02,Closing,214,72,13.2,6,38,18.8
2024-01-02,Client Services,289,77,19.0,3,33,5.5
2024-01-02,Compliance,156,67,19.9,7,42,3.0
2024-01-02,Operations,256,57,20.9,5,29,16.7
2024-01-03,Underwriting,291,14,32.1,3,35,10.6
2024-01-03,Closing,51,36,13.2,5,40,0.8
2024-01-03,Client Services,104,21,26.9,4,20,9.2
2024-01-03,Compliance,64,13,16.5,7,29,8.8
2024-01-03,Operations,58,69,22.1,2,38,1.2
2024-01-04,Underwriting,72,79,30.2,8,21,0.5
2024-01-04,Closing,232,67,24.0,8,31,8.9
2024-01-04,Client Services,125,10,31.0,7,44,4.9
2024-01-04,Compliance,160,36,27.1,4,38,14.5
2024-01-04,Operations,208,79,15.0,4,33,11.1
2024-01-05,Underwriting,293,15,24.2,1,36,6.9
2024-01-05,Closing,239,42,20.2,8,50,9.9
2024-01-05,Client Services,110,30,33.9,7,50,4.3
2024-01-05,Compliance,213,46,31.2,2,22,0.5
2024-01-05,Operations,274,26,21.5,2,44,7.9
2024-01-08,Underwriting,142,31,27.5,6,20,9.0
2024-01-08,Closing,74,71,12.1,5,42,1.8
2024-01-08,Client Services,157,13,5.1,4,35,11.4
2024-01-08,Compliance,158,63,32.8,2,41,6.2
2024-01-08,Operations,122,51,17.7,4,27,18.3
2024-01-09,Underwriting,55,72,17.1,1,44,19.4
2024-01-09,Closing,125,45,10.8,2,50,4.0
2024-01-09,Client Services,118,22,19.7,2,35,11.2
2024-01-09,Compliance,170,15,30.4,6,39,18.8
2024-01-09,Operations,280,28,14.8,7,47,16.9
2024-01-10,Underwriting,147,24,15.7,4,41,9.7
2024-01-10,Closing,100,62,22.6,4,45,10.0
2024-01-10,Client Services,254,44,31.3,6,42,15.8
2024-01-10,Compliance,105,15,16.3,6,31,19.8
2024-01-10,Operations,208,68,5.9,4,36,15.2
2024-01-11,Underwriting,85,58,21.7,3,50,15.8
2024-01-11,Closing,243,64,14.0,2,16,8.8
2024-01-11,Client Services,93,36,32.3,6,17,2.2
2024-01-11,Compliance,51,53,27.1,4,22,18.3
2024-01-11,Operations,280,43,21.4,2,47,14.2
2024-01-12,Underwriting,95,25,33.5,0,15,18.8
2024-01-12,Closing,90,41,10.0,2,45,4.8
2024-01-12,Client Services,63,75,14.6,5,36,15.7
2024-01-12,Compliance,94,70,7.7,7,34,9.9
2024-01-12,Operations,234,15,8.4,4,40,7.0
2024-01-15,Underwriting,279,60,13.7,6,36,6.6
2024-01-15,Closing,225,72,27.4,6,24,11.8
2024-01-15,Client Services,87,53,15.9,3,24,17.1
2024-01-15,Compliance,60,58,12.8,6,29,15.1
2024-01-15,Operations,224,18,6.1,6,38,9.6
2024-01-16,Underwriting,268,76,22.0,0,16,11.8
2024-01-16,Closing,182,12,20.3,1,28,10.2
2024-01-16,Client Services,85,70,18.0,1,18,7.2
2024-01-16,Compliance,117,61,7.0,3,19,6.2
2024-01-16,Operations,182,41,25.4,1,40,17.7
2024-01-17,Underwriting,137,13,23.2,5,26,4.0
2024-01-17,Closing,215,56,10.3,2,40,11.0
2024-01-17,Client Services,160,56,16.2,2,46,3.9
2024-01-17,Compliance,87,19,30.2,0,20,3.9
2024-01-17,Operations,107,72,7.6,3,26,0.4
2024-01-18,Underwriting,159,53,8.3,3,16,12.1
2024-01-18,Closing,127,51,12.0,0,26,0.6
2024-01-18,Client Services,59,32,25.1,5,37,9.6
2024-01-18,Compliance,210,66,14.7,8,39,9.1
2024-01-18,Operations,57,33,9.1,0,45,10.7
2024-01-19,Underwriting,269,74,27.0,4,45,11.8
2024-01-19,Closing,208,20,14.3,4,23,1.5
2024-01-19,Client Services,236,24,13.8,4,41,14.2
2024-01-19,Compliance,271,44,24.7,7,24,6.6
2024-01-19,Operations,275,19,20.9,1,22,0.3
2024-01-22,Underwriting,250,29,21.8,7,18,14.6
2024-01-22,Closing,61,58,23.9,1,50,10.2
2024-01-22,Client Services,117,34,21.4,0,43,12.0
2024-01-22,Compliance,223,44,24.7,1,26,17.8
2024-01-22,Operations,205,21,10.4,6,26,0.8
2024-01-23,Underwriting,293,10,5.4,0,38,0.5
2024-01-23,Closing,212,40,24.0,0,15,5.6
2024-01-23,Client Services,143,33,26.9,8,39,6.7
2024-01-23,Compliance,291,17,24.1,6,44,11.0
2024-01-23,Operations,162,19,14.3,8,24,18.5
2024-01-24,Underwriting,76,21,8.8,2,30,12.7
2024-01-24,Closing,239,61,31.5,5,46,19.0
2024-01-24,Client Services,190,64,13.9,4,29,10.9
2024-01-24,Compliance,225,30,7.3,8,18,1.5
2024-01-24,Operations,222,64,14.7,4,37,9.0
2024-01-25,Underwriting,211,16,18.6,2,32,17.9
2024-01-25,Closing,221,27,22.4,2,26,7.4
2024-01-25,Client Services,225,10,22.5,2,39,18.4
2024-01-25,Compliance,252,10,23.1,7,23,18.1
2024-01-25,Operations,182,34,28.3,6,15,4.0
2024-01-26,Underwriting,196,38,23.5,8,40,17.4
2024-01-26,Closing,102,72,6.0,2,50,18.9
2024-01-26,Client Services,154,27,31.3,2,40,11.6
2024-01-26,Compliance,169,14,11.6,5,35,12.3
2024-01-26,Operations,129,36,28.1,8,31,2.8
2024-01-29,Underwriting,90,25,33.3,2,41,6.7
2024-01-29,Closing,160,72,29.9,0,16,1.8
2024-01-29,Client Services,127,23,33.6,2,19,11.4
2024-01-29,Compliance,146,28,17.5,6,50,17.6
2024-01-29,Operations,154,49,34.0,8,27,14.1
2024-01-30,Underwriting,209,39,10.8,1,25,4.9
2024-01-30,Closing,281,49,9.1,1,25,17.4
2024-01-30,Client Services,274,34,10.4,3,25,4.0
2024-01-30,Compliance,107,27,12.4,3,48,10.6
2024-01-30,Operations,242,80,15.4,6,38,8.0
2024-01-31,Underwriting,153,36,20.1,7,44,15.9
2024-01-31,Closing,229,41,19.2,5,30,3.7
2024-01-31,Client Services,212,23,17.5,4,36,14.3
2024-01-31,Compliance,273,55,8.8,2,49,3.2
2024-01-31,Operations,285,32,27.8,1,44,1.4
2024-02-01,Underwriting,151,37,25.6,7,22,11.8
2024-02-01,Closing,102,79,21.2,5,44,14.5
2024-02-01,Client Services,212,47,24.0,3,28,2.1
2024-02-01,Compliance,175,41,31.0,6,35,3.3
2024-02-01,Operations,231,72,19.1,5,29,17.9
2024-02-02,Underwriting,217,40,8.7,1,50,13.0
2024-02-02,Closing,291,33,6.3,7,32,16.2
2024-02-02,Client Services,255,71,10.6,8,30,7.3
2024-02-02,Compliance,204,60,27.0,2,46,2.0
2024-02-02,Operations,126,33,22.0,0,32,5.2
2024-02-05,Underwriting,73,26,18.2,6,44,3.6
2024-02-05,Closing,145,27,19.3,3,25,5.3
2024-02-05,Client Services,116,51,33.6,6,42,5.5
2024-02-05,Compliance,115,73,32.3,5,24,18.7
2024-02-05,Operations,267,27,19.1,4,44,13.0
2024-02-06,Underwriting,83,31,26.6,5,34,6.3
2024-02-06,Closing,126,65,26.8,0,18,13.0
2024-02-06,Client Services,79,79,14.2,0,37,2.6
2024-02-06,Compliance,87,33,16.9,0,45,12.7
2024-02-06,Operations,131,23,22.3,4,28,15.4
2024-02-07,Underwriting,245,60,27.5,8,19,19.5
2024-02-07,Closing,272,50,5.9,2,34,18.7
2024-02-07,Client Services,292,31,12.1,6,50,19.5
2024-02-07,Compliance,245,70,16.5,4,26,12.1
2024-02-07,Operations,187,47,19.1,4,40,1.0
2024-02-08,Underwriting,175,34,8.4,7,43,9.5
2024-02-08,Closing,175,58,16.3,3,45,17.0
2024-02-08,Client Services,178,15,23.5,6,45,1.7
2024-02-08,Compliance,171,54,25.3,5,15,19.7
2024-02-08,Operations,159,27,27.5,3,25,0.2
2024-02-09,Underwriting,79,59,19.8,3,30,16.9
2024-02-09,Closing,272,19,28.5,0,34,8.3
2024-02-09,Client Services,242,42,15.1,5,17,9.2
2024-02-09,Compliance,280,40,8.3,5,31,8.1
2024-02-09,Operations,167,41,11.1,6,26,15.9
2024-02-12,Underwriting,223,23,12.2,7,16,16.9
2024-02-12,Closing,170,55,26.0,5,37,19.8
2024-02-12,Client Services,241,77,17.4,2,42,16.7
2024-02-12,Compliance,187,72,7.9,6,45,4.6
2024-02-12,Operations,276,68,25.1,8,21,3.6
2024-02-13,Underwriting,270,16,14.7,6,50,6.8
2024-02-13,Closing,82,53,23.0,4,37,9.6
2024-02-13,Client Services,257,36,27.5,0,30,3.4
2024-02-13,Compliance,66,28,33.5,7,50,11.2
2024-02-13,Operations,145,32,26.2,7,36,19.4
2024-02-14,Underwriting,245,14,26.5,1,16,6.1
2024-02-14,Closing,282,29,27.1,7,28,14.2
2024-02-14,Client Services,155,10,13.1,2,47,12.2
2024-02-14,Compliance,133,12,7.8,0,38,11.6
2024-02-14,Operations,96,65,8.4,0,42,1.5
2024-02-15,Underwriting,215,18,32.2,3,34,0.4
2024-02-15,Closing,122,75,34.8,4,37,18.6
2024-02-15,Client Services,277,31,7.6,7,29,9.9
2024-02-15,Compliance,136,15,19.2,4,21,5.1
2024-02-15,Operations,198,52,34.6,6,41,11.7
2024-02-16,Underwriting,128,69,12.9,6,21,17.5
2024-02-16,Closing,98,32,21.2,2,41,16.4
2024-02-16,Client Services,181,80,24.3,5,40,19.2
2024-02-16,Compliance,270,39,34.9,4,30,16.5
2024-02-16,Operations,236,43,15.6,3,24,1.1
2024-02-19,Underwriting,259,55,30.2,3,38,10.9
2024-02-19,Closing,205,53,15.3,8,17,2.9
2024-02-19,Client Services,191,48,31.3,4,25,8.4
2024-02-19,Compliance,189,40,34.0,8,28,3.2
2024-02-19,Operations,190,16,10.9,5,42,12.6
2024-02-20,Underwriting,166,15,22.0,0,32,4.8
2024-02-20,Closing,211,76,14.1,2,27,10.5
2024-02-20,Client Services,191,40,12.4,7,40,6.5
2024-02-20,Compliance,162,71,27.7,2,32,7.6
2024-02-20,Operations,241,44,17.6,5,42,12.4
2024-02-21,Underwriting,173,56,31.2,5,19,3.1
2024-02-21,Closing,91,69,25.3,1,29,19.9
2024-02-21,Client Services,64,32,18.6,0,29,8.7
2024-02-21,Compliance,129,14,7.1,0,45,18.3
2024-02-21,Operations,152,50,16.8,2,35,6.3
2024-02-22,Underwriting,121,20,14.8,2,37,10.2
2024-02-22,Closing,72,66,13.8,8,34,18.9
2024-02-22,Client Services,237,20,9.5,7,27,14.7
2024-02-22,Compliance,114,60,12.2,8,33,3.0
2024-02-22,Operations,191,13,22.4,0,29,8.4
2024-02-23,Underwriting,295,59,9.0,2,44,10.9
2024-02-23,Closing,270,66,11.3,8,17,13.1
2024-02-23,Client Services,201,36,17.8,1,35,17.8
2024-02-23,Compliance,117,40,27.6,8,48,8.0
2024-02-23,Operations,78,28,28.3,4,19,0.9
2024-02-26,Underwriting,130,47,13.7,7,48,11.7
2024-02-26,Closing,187,23,8.7,2,42,11.0
2024-02-26,Client Services,278,76,17.0,0,48,3.8
2024-02-26,Compliance,197,55,31.0,8,19,4.3
2024-02-26,Operations,236,48,13.5,6,45,17.4
2024-02-27,Underwriting,167,56,8.1,6,33,8.3
2024-02-27,Closing,50,38,5.9,6,36,17.0
2024-02-27,Client Services,154,20,12.2,7,17,0.2
2024-02-27,Compliance,299,50,9.8,0,31,16.9
2024-02-27,Operations,264,78,5.2,4,16,13.2
2024-02-28,Underwriting,64,17,34.9,4,29,10.7
2024-02-28,Closing,297,24,29.4,7,32,1.7
2024-02-28,Client Services,236,48,13.1,3,16,14.4
2024-02-28,Compliance,267,19,15.7,6,42,16.4
2024-02-28,Operations,58,41,22.2,8,28,1.7
2024-02-29,Underwriting,92,36,8.4,8,44,6.7
2024-02-29,Closing,212,58,26.6,2,40,18.9
2024-02-29,Client Services,235,25,14.5,2,48,6.5
2024-02-29,Compliance,185,65,34.7,3,18,6.0
2024-02-29,Operations,105,80,9.0,0,33,19.0
2024-03-01,Underwriting,176,25,26.0,3,36,15.3
2024-03-01,Closing,287,28,6.7,7,45,14.8
2024-03-01,Client Services,148,70,34.9,6,32,8.8
2024-03-01,Compliance,125,71,19.6,8,23,18.4
2024-03-01,Operations,228,78,16.2,6,15,18.7
2024-03-04,Underwriting,287,79,14.5,3,29,19.9
2024-03-04,Closing,278,17,17.5,8,32,16.8
2024-03-04,Client Services,98,30,14.2,1,27,7.3
2024-03-04,Compliance,74,51,21.5,0,21,6.8
2024-03-04,Operations,212,76,5.3,1,36,3.2
2024-03-05,Underwriting,245,24,11.5,0,28,11.4
2024-03-05,Closing,70,33,7.6,3,42,4.5
2024-03-05,Client Services,87,51,30.9,0,34,3.5
2024-03-05,Compliance,104,63,29.4,6,47,15.3
2024-03-05,Operations,224,33,19.6,7,34,0.1
2024-03-06,Underwriting,95,58,26.2,5,33,10.6
2024-03-06,Closing,296,53,31.3,7,34,19.0
2024-03-06,Client Services,220,50,11.0,4,37,16.6
2024-03-06,Compliance,211,55,5.6,7,29,1.4
2024-03-06,Operations,182,75,34.0,5,44,7.8
2024-03-07,Underwriting,104,23,22.0,7,31,1.2
2024-03-07,Closing,112,59,31.2,0,27,13.1
2024-03-07,Client Services,156,59,25.7,0,46,3.1
2024-03-07,Compliance,161,50,19.7,4,37,0.2
2024-03-07,Operations,283,11,26.7,2,49,12.3
2024-03-08,Underwriting,285,25,29.1,0,22,18.2
2024-03-08,Closing,225,78,11.1,4,43,18.8
2024-03-08,Client Services,286,65,29.7,1,25,19.4
2024-03-08,Compliance,293,44,20.4,8,43,11.3
2024-03-08,Operations,222,75,10.1,6,19,4.7
2024-03-11,Underwriting,284,25,13.3,3,38,13.8
2024-03-11,Closing,76,29,18.2,4,32,7.8
2024-03-11,Client Services,56,77,25.6,7,49,5.4
2024-03-11,Compliance,277,62,19.6,3,41,4.2
2024-03-11,Operations,63,77,22.0,4,33,7.2
2024-03-12,Underwriting,290,26,10.6,4,33,6.8
2024-03-12,Closing,295,73,21.1,5,23,9.8
2024-03-12,Client Services,102,38,12.0,3,36,3.2
2024-03-12,Compliance,122,49,10.7,0,17,7.9
2024-03-12,Operations,129,77,32.9,5,47,14.6
2024-03-13,Underwriting,156,30,6.5,2,45,8.2
2024-03-13,Closing,68,36,21.2,3,21,2.2
2024-03-13,Client Services,298,36,31.7,8,42,9.8
2024-03-13,Compliance,117,64,7.1,1,44,16.4
2024-03-13,Operations,225,27,26.1,4,48,2.1
2024-03-14,Underwriting,299,13,23.7,0,35,13.0
2024-03-14,Closing,67,35,19.2,5,19,7.9
2024-03-14,Client Services,86,31,22.5,5,38,4.8
2024-03-14,Compliance,238,55,24.1,6,29,13.4
2024-03-14,Operations,87,11,16.1,0,49,8.9
2024-03-15,Underwriting,83,58,20.1,0,27,4.8
2024-03-15,Closing,176,45,32.5,0,37,13.8
2024-03-15,Client Services,155,73,22.7,0,19,17.7
2024-03-15,Compliance,287,77,10.7,3,50,14.4
2024-03-15,Operations,109,61,16.0,6,33,3.5
2024-03-18,Underwriting,209,11,21.2,2,17,5.9
2024-03-18,Closing,178,28,34.7,8,28,4.3
2024-03-18,Client Services,66,12,25.1,7,43,18.9
2024-03-18,Compliance,229,70,22.7,6,30,1.6
2024-03-18,Operations,75,40,20.3,8,32,10.0
2024-03-19,Underwriting,208,32,14.0,4,23,7.3
2024-03-19,Closing,291,51,27.4,2,22,1.1
2024-03-19,Client Services,274,57,29.8,6,41,10.1
2024-03-19,Compliance,251,79,15.9,4,29,17.0
2024-03-19,Operations,60,31,17.9,2,28,13.8
2024-03-20,Underwriting,284,10,10.4,6,36,6.6
2024-03-20,Closing,122,10,8.1,1,44,1.1
2024-03-20,Client Services,76,69,9.2,4,30,11.7
2024-03-20,Compliance,221,66,29.0,8,46,2.2
2024-03-20,Operations,88,11,18.5,5,22,13.1
2024-03-21,Underwriting,214,54,23.1,5,23,19.3
2024-03-21,Closing,123,56,32.1,3,23,6.0
2024-03-21,Client Services,204,25,10.8,7,27,12.9
2024-03-21,Compliance,138,75,29.0,6,27,18.4
2024-03-21,Operations,145,39,7.3,3,24,15.3
2024-03-22,Underwriting,173,36,8.3,0,26,9.4
2024-03-22,Closing,152,33,34.6,6,48,13.5
2024-03-22,Client Services,124,50,14.8,6,24,14.7
2024-03-22,Compliance,163,26,5.3,5,30,8.3
2024-03-22,Operations,186,54,7.1,3,44,13.9
2024-03-25,Underwriting,200,11,24.7,1,31,7.1
2024-03-25,Closing,92,44,20.3,0,16,1.8
2024-03-25,Client Services,192,15,12.7,4,40,13.4
2024-03-25,Compliance,178,57,14.5,5,29,2.2
2024-03-25,Operations,131,76,7.1,8,21,6.9
2024-03-26,Underwriting,150,38,16.4,0,23,9.6
2024-03-26,Closing,106,38,25.8,0,34,15.5
2024-03-26,Client Services,118,29,19.8,2,36,8.5
2024-03-26,Compliance,249,61,6.2,4,39,6.1
2024-03-26,Operations,91,18,22.4,5,23,0.3
2024-03-27,Underwriting,60,46,33.2,3,47,4.3
2024-03-27,Closing,181,27,25.1,6,50,6.9
2024-03-27,Client Services,202,72,11.5,3,49,16.0
2024-03-27,Compliance,79,55,18.4,4,44,17.6
2024-03-27,Operations,286,24,29.5,7,25,12.1
2024-03-28,Underwriting,260,70,17.7,8,44,2.2
2024-03-28,Closing,241,63,28.5,7,17,2.9
2024-03-28,Client Services,290,73,14.3,6,23,16.6
2024-03-28,Compliance,57,76,25.3,1,32,7.1
2024-03-28,Operations,52,20,23.9,5,22,18.5
2024-03-29,Underwriting,107,23,17.6,6,32,10.0
2024-03-29,Closing,267,26,31.3,7,49,12.6
2024-03-29,Client Services,142,23,30.9,0,41,6.4
2024-03-29,Compliance,151,63,18.7,6,46,7.9
2024-03-29,Operations,289,14,5.1,7,25,1.4
2024-04-01,Underwriting,153,72,26.3,6,44,15.4
2024-04-01,Closing,54,12,17.9,2,19,19.5
2024-04-01,Client Services,52,24,34.2,1,44,0.4
2024-04-01,Compliance,249,52,28.9,2,17,0.7
2024-04-01,Operations,157,50,18.6,0,47,8.5
2024-04-02,Underwriting,208,79,32.1,0,28,4.1
2024-04-02,Closing,174,51,5.6,6,39,7.9
2024-04-02,Client Services,141,48,17.4,8,32,11.1
2024-04-02,Compliance,144,58,5.1,0,25,9.0
2024-04-02,Operations,267,32,28.1,2,38,10.7
2024-04-03,Underwriting,81,39,10.8,2,27,8.0
2024-04-03,Closing,127,76,20.4,2,35,19.7
2024-04-03,Client Services,273,25,32.6,0,46,20.0
2024-04-03,Compliance,107,28,31.5,2,48,1.9
2024-04-03,Operations,206,77,33.5,3,41,2.7
2024-04-04,Underwriting,100,72,11.8,3,31,12.1
2024-04-04,Closing,180,58,25.0,4,49,7.6
2024-04-04,Client Services,77,50,25.5,0,18,0.6
2024-04-04,Compliance,232,20,5.8,7,33,17.5
2024-04-04,Operations,259,28,33.6,2,35,7.8
2024-04-05,Underwriting,124,32,30.3,6,15,4.4
2024-04-05,Closing,196,26,6.7,0,50,2.6
2024-04-05,Client Services,130,65,28.5,3,49,5.3
2024-04-05,Compliance,244,75,11.6,7,20,6.4
2024-04-05,Operations,277,41,20.0,4,19,13.2
2024-04-08,Underwriting,256,78,29.9,8,34,3.1
2024-04-08,Closing,281,65,11.6,0,31,5.3
2024-04-08,Client Services,187,62,14.5,5,28,1.4
2024-04-08,Compliance,262,44,26.0,1,32,16.7
2024-04-08,Operations,294,32,7.5,2,27,0.5
2024-04-09,Underwriting,240,64,32.5,3,38,0.2
2024-04-09,Closing,288,55,5.2,7,42,4.6
2024-04-09,Client Services,56,38,19.3,4,26,13.2
2024-04-09,Compliance,209,47,29.1,7,44,15.5
2024-04-09,Operations,111,13,18.6,0,43,4.5
2024-04-10,Underwriting,190,63,8.2,2,34,11.5
2024-04-10,Closing,98,66,24.3,4,31,14.0
2024-04-10,Client Services,67,20,24.7,4,26,0.2
2024-04-10,Compliance,262,79,19.1,7,32,17.5
2024-04-10,Operations,149,36,21.0,7,18,9.1
2024-04-11,Underwriting,293,54,21.7,1,44,19.4
2024-04-11,Closing,67,67,24.8,2,43,17.0
2024-04-11,Client Services,140,71,18.8,5,37,3.8
2024-04-11,Compliance,296,28,12.1,4,44,13.0
2024-04-11,Operations,199,77,15.9,3,48,3.0
2024-04-12,Underwriting,74,48,33.0,7,24,12.1
2024-04-12,Closing,122,51,5.4,1,50,2.9
2024-04-12,Client Services,84,41,23.9,3,34,2.9
2024-04-12,Compliance,144,23,17.5,5,41,6.4
2024-04-12,Operations,205,54,8.1,5,46,4.8
2024-04-15,Underwriting,50,34,10.7,5,42,7.0
2024-04-15,Closing,171,62,15.7,6,43,10.9
2024-04-15,Client Services,216,69,32.7,8,35,0.8
2024-04-15,Compliance,260,14,9.5,8,28,5.2
2024-04-15,Operations,188,16,20.6,1,44,1.6
2024-04-16,Underwriting,62,30,26.3,2,22,8.4
2024-04-16,Closing,138,31,12.8,5,26,11.4
2024-04-16,Client Services,135,74,20.3,2,39,4.1
2024-04-16,Compliance,154,46,23.2,6,37,16.6
2024-04-16,Operations,124,79,11.6,4,30,14.3
2024-04-17,Underwriting,186,51,23.5,8,27,11.2
2024-04-17,Closing,126,60,9.4,0,19,10.3
2024-04-17,Client Services,105,36,11.9,4,21,4.0
2024-04-17,Compliance,151,46,33.4,6,15,16.8
2024-04-17,Operations,267,38,13.2,7,49,1.4
2024-04-18,Underwriting,143,65,18.8,0,40,19.6
2024-04-18,Closing,147,48,16.7,7,40,9.7
2024-04-18,Client Services,193,52,13.2,2,37,2.6
2024-04-18,Compliance,143,58,32.3,8,19,3.3
2024-04-18,Operations,73,47,19.5,7,17,2.7
2024-04-19,Underwriting,124,30,23.4,5,19,2.1
2024-04-19,Closing,170,45,16.4,8,21,2.5
2024-04-19,Client Services,279,39,16.1,7,29,11.8
2024-04-19,Compliance,150,12,22.6,7,47,9.1
2024-04-19,Operations,138,76,24.1,5,16,17.0
2024-04-22,Underwriting,223,73,34.8,4,24,18.0
2024-04-22,Closing,196,46,10.3,2,30,0.4
2024-04-22,Client Services,54,66,11.4,5,40,0.6
2024-04-22,Compliance,126,11,17.1,4,30,6.5
2024-04-22,Operations,205,78,24.5,8,34,9.4
2024-04-23,Underwriting,248,32,14.0,4,26,15.9
2024-04-23,Closing,163,36,34.0,5,32,7.5
2024-04-23,Client Services,237,28,17.9,2,24,14.4
2024-04-23,Compliance,299,13,18.5,0,19,11.7
2024-04-23,Operations,65,44,20.8,3,15,4.9
2024-04-24,Underwriting,50,60,34.5,5,29,12.0
2024-04-24,Closing,266,73,15.5,2,25,15.8
2024-04-24,Client Services,50,27,15.9,7,18,16.2
2024-04-24,Compliance,120,55,12.2,4,25,5.4
2024-04-24,Operations,215,59,22.1,6,33,2.4
2024-04-25,Underwriting,249,62,32.7,1,46,17.3
2024-04-25,Closing,288,74,20.5,0,28,10.8
2024-04-25,Client Services,88,76,8.1,6,33,2.4
2024-04-25,Compliance,140,49,23.6,6,35,12.4
2024-04-25,Operations,221,10,23.6,3,18,15.4
2024-04-26,Underwriting,196,77,14.3,2,28,10.3
2024-04-26,Closing,137,27,6.2,6,18,12.7
2024-04-26,Client Services,174,50,26.8,7,23,9.9
2024-04-26,Compliance,152,71,16.4,4,36,15.9
2024-04-26,Operations,298,12,29.0,6,50,12.5
2024-04-29,Underwriting,136,51,16.4,3,22,0.8
2024-04-29,Closing,218,68,20.8,2,50,0.9
2024-04-29,Client Services,54,27,12.3,6,23,8.1
2024-04-29,Compliance,119,59,32.4,8,15,5.6
2024-04-29,Operations,50,27,17.4,2,23,16.5
2024-04-30,Underwriting,103,75,7.4,6,38,17.4
2024-04-30,Closing,190,27,6.2,4,24,2.0
2024-04-30,Client Services,180,23,9.4,2,17,9.2
2024-04-30,Compliance,132,48,20.2,1,23,2.3
2024-04-30,Operations,86,24,18.7,6,28,0.4
2024-05-01,Underwriting,88,32,13.1,7,30,11.5
2024-05-01,Closing,150,30,19.4,4,40,13.2
2024-05-01,Client Services,123,31,7.1,6,31,4.2
2024-05-01,Compliance,83,17,30.9,1,16,8.9
2024-05-01,Operations,166,54,21.2,0,34,2.3
2024-05-02,Underwriting,50,61,10.4,5,40,11.1
2024-05-02,Closing,95,46,14.2,2,37,14.2
2024-05-02,Client Services,65,77,7.7,7,16,5.1
2024-05-02,Compliance,85,67,29.7,4,26,9.1
2024-05-02,Operations,264,25,34.6,0,30,6.8
2024-05-03,Underwriting,158,23,30.9,2,17,2.4
2024-05-03,Closing,189,62,24.9,0,26,6.6
2024-05-03,Client Services,230,32,12.3,6,35,5.4
2024-05-03,Compliance,185,76,27.9,3,18,2.3
2024-05-03,Operations,209,39,12.5,6,49,12.3
2024-05-06,Underwriting,261,46,7.7,3,19,15.2
2024-05-06,Closing,286,70,13.4,3,18,4.5
2024-05-06,Client Services,276,70,17.7,3,49,2.1
2024-05-06,Compliance,218,54,28.0,0,16,1.3
2024-05-06,Operations,105,14,29.3,7,42,5.6
2024-05-07,Underwriting,277,77,25.9,0,16,6.6
2024-05-07,Closing,184,63,12.0,2,37,15.1
2024-05-07,Client Services,253,58,7.4,3,45,19.6
2024-05-07,Compliance,243,74,19.4,0,37,13.4
2024-05-07,Operations,105,46,17.5,4,44,1.2
2024-05-08,Underwriting,73,46,13.0,3,40,9.8
2024-05-08,Closing,117,20,22.5,6,35,8.1
2024-05-08,Client Services,256,48,19.8,8,28,0.1
2024-05-08,Compliance,184,24,15.4,4,38,19.6
2024-05-08,Operations,145,40,32.1,8,15,10.7
2024-05-09,Underwriting,271,26,19.8,7,45,3.0
2024-05-09,Closing,194,24,19.3,1,37,4.3
2024-05-09,Client Services,202,75,9.3,4,49,2.9
2024-05-09,Compliance,87,68,31.0,0,46,4.2
2024-05-09,Operations,232,31,31.8,4,25,7.7
2024-05-10,Underwriting,285,57,15.3,1,21,13.7
2024-05-10,Closing,86,23,13.8,2,39,13.2
2024-05-10,Client Services,50,36,19.2,2,50,16.2
2024-05-10,Compliance,69,80,23.1,1,16,1.6
2024-05-10,Operations,189,54,20.3,8,48,9.3
2024-05-13,Underwriting,235,35,27.2,6,16,16.9
2024-05-13,Closing,125,46,12.6,0,39,8.0
2024-05-13,Client Services,177,78,33.0,3,28,2.0
2024-05-13,Compliance,168,58,33.1,4,48,9.0
2024-05-13,Operations,127,65,17.4,8,21,3.7
2024-05-14,Underwriting,280,48,17.0,8,22,2.2
2024-05-14,Closing,186,58,18.4,8,34,12.9
2024-05-14,Client Services,291,15,32.9,5,19,18.2
2024-05-14,Compliance,111,33,17.6,3,17,18.6
2024-05-14,Operations,264,45,6.7,5,47,15.1
2024-05-15,Underwriting,130,14,10.2,7,49,19.9
2024-05-15,Closing,65,79,33.4,2,37,14.1
2024-05-15,Client Services,159,79,24.6,1,44,1.1
2024-05-15,Compliance,229,67,22.2,5,20,13.2
2024-05-15,Operations,218,34,24.5,5,33,7.3
2024-05-16,Underwriting,198,68,8.9,0,30,7.0
2024-05-16,Closing,281,47,12.5,1,45,0.0
2024-05-16,Client Services,277,55,32.7,5,49,12.6
2024-05-16,Compliance,104,68,28.5,8,26,11.4
2024-05-16,Operations,296,25,24.6,8,19,1.0
2024-05-17,Underwriting,283,12,34.6,1,36,12.4
2024-05-17,Closing,205,70,28.6,6,23,2.8
2024-05-17,Client Services,279,30,26.0,2,26,8.4
2024-05-17,Compliance,296,39,28.6,4,29,1.7
2024-05-17,Operations,300,19,26.0,4,38,17.6
2024-05-20,Underwriting,234,35,11.2,4,35,12.4
2024-05-20,Closing,135,76,30.7,0,47,9.0
2024-05-20,Client Services,77,32,22.3,7,24,12.3
2024-05-20,Compliance,270,67,31.4,2,28,17.8
2024-05-20,Operations,89,24,22.4,4,45,12.5
2024-05-21,Underwriting,135,38,32.3,8,20,6.5
2024-05-21,Closing,266,18,16.9,2,32,15.3
2024-05-21,Client Services,262,27,13.5,6,22,0.9
2024-05-21,Compliance,103,16,14.6,6,38,6.9
2024-05-21,Operations,123,50,27.9,4,20,1.0
2024-05-22,Underwriting,90,64,23.9,2,16,1.6
2024-05-22,Closing,205,21,32.8,0,19,13.0
2024-05-22,Client Services,243,24,31.8,2,17,0.7
2024-05-22,Compliance,194,62,11.5,5,45,19.2
2024-05-22,Operations,206,14,34.7,5,20,0.3
2024-05-23,Underwriting,73,70,20.4,2,41,18.7
2024-05-23,Closing,158,28,12.4,5,21,19.5
2024-05-23,Client Services,72,78,20.2,8,20,8.4
2024-05-23,Compliance,102,78,21.5,8,28,6.6
2024-05-23,Operations,207,26,11.2,4,47,5.6
2024-05-24,Underwriting,103,10,18.5,7,23,7.6
2024-05-24,Closing,236,38,9.7,2,35,12.4
2024-05-24,Client Services,233,50,16.3,4,16,9.9
2024-05-24,Compliance,275,26,5.5,4,29,15.4
2024-05-24,Operations,70,73,12.4,0,20,3.9
2024-05-27,Underwriting,54,77,6.6,6,27,9.5
2024-05-27,Closing,92,23,7.1,8,31,12.5
2024-05-27,Client Services,199,67,32.1,5,39,1.7
2024-05-27,Compliance,118,19,15.5,5,15,1.8
2024-05-27,Operations,180,47,15.4,3,26,4.5
2024-05-28,Underwriting,58,22,31.4,5,28,11.5
2024-05-28,Closing,287,16,13.9,4,31,13.5
2024-05-28,Client Services,147,29,10.0,7,15,4.6
2024-05-28,Compliance,151,32,9.8,4,29,5.8
2024-05-28,Operations,179,32,8.7,6,35,13.3
2024-05-29,Underwriting,143,32,34.1,6,38,10.0
2024-05-29,Closing,177,20,32.8,6,37,4.1
2024-05-29,Client Services,130,14,26.2,5,49,0.2
2024-05-29,Compliance,92,56,7.2,0,24,16.3
2024-05-29,Operations,173,11,11.3,7,16,10.4
2024-05-30,Underwriting,298,36,31.9,6,30,9.1
2024-05-30,Closing,65,21,20.6,2,26,0.6
2024-05-30,Client Services,62,44,11.8,5,24,9.5
2024-05-30,Compliance,149,70,32.8,5,45,12.3
2024-05-30,Operations,260,21,21.8,1,21,17.0
2024-05-31,Underwriting,76,64,22.3,8,17,10.0
2024-05-31,Closing,93,77,25.0,0,37,14.5
2024-05-31,Client Services,148,22,20.6,4,19,13.4
2024-05-31,Compliance,270,66,18.9,2,44,18.9
2024-05-31,Operations,271,49,28.7,0,30,14.4
2024-06-03,Underwriting,162,52,31.3,3,18,7.3
2024-06-03,Closing,57,16,30.6,1,38,2.8
2024-06-03,Client Services,148,33,29.9,5,32,1.4
2024-06-03,Compliance,105,59,19.7,8,18,11.8
2024-06-03,Operations,230,25,32.8,5,43,7.3
2024-06-04,Underwriting,69,67,5.2,2,23,12.6
2024-06-04,Closing,281,65,31.3,5,22,14.9
2024-06-04,Client Services,59,28,6.4,4,29,7.5
2024-06-04,Compliance,278,72,26.0,3,21,14.2
2024-06-04,Operations,52,40,20.4,7,19,15.8
2024-06-05,Underwriting,174,32,17.2,3,18,13.3
2024-06-05,Closing,137,46,17.3,4,46,9.3
2024-06-05,Client Services,269,72,12.6,7,46,3.8
2024-06-05,Compliance,110,72,14.5,5,33,19.2
2024-06-05,Operations,78,21,33.2,3,26,10.1
2024-06-06,Underwriting,83,15,22.1,2,21,8.6
2024-06-06,Closing,112,60,19.8,5,38,16.4
2024-06-06,Client Services,276,21,12.9,2,28,3.1
2024-06-06,Compliance,255,45,21.2,1,43,16.6
2024-06-06,Operations,75,16,13.9,0,25,1.3
2024-06-07,Underwriting,119,39,11.9,0,40,7.0
2024-06-07,Closing,166,38,12.8,4,35,1.1
2024-06-07,Client Services,170,25,8.7,5,18,10.6
2024-06-07,Compliance,85,48,28.8,1,26,2.0
2024-06-07,Operations,125,17,13.7,5,43,0.6
2024-06-10,Underwriting,62,64,5.6,0,22,5.2
2024-06-10,Closing,96,67,12.1,7,50,4.4
2024-06-10,Client Services,99,52,10.2,3,45,5.0
2024-06-10,Compliance,59,19,29.2,5,28,5.6
2024-06-10,Operations,199,66,12.8,1,31,19.2
2024-06-11,Underwriting,159,18,11.5,1,41,5.4
2024-06-11,Closing,98,21,34.0,3,22,9.8
2024-06-11,Client Services,225,54,17.5,5,29,7.7
2024-06-11,Compliance,136,80,29.3,2,44,13.5
2024-06-11,Operations,72,13,14.7,0,33,12.9
2024-06-12,Underwriting,175,80,15.8,1,48,12.0
2024-06-12,Closing,257,78,20.7,5,30,13.9
2024-06-12,Client Services,104,16,23.3,1,21,6.0
2024-06-12,Compliance,90,57,21.1,3,32,10.9
2024-06-12,Operations,293,64,8.8,1,17,4.7
2024-06-13,Underwriting,116,44,7.5,0,30,9.5
2024-06-13,Closing,241,50,20.1,0,16,1.8
2024-06-13,Client Services,205,70,31.5,2,45,9.0
2024-06-13,Compliance,149,23,19.1,0,44,10.7
2024-06-13,Operations,157,63,6.5,7,24,14.9
2024-06-14,Underwriting,142,49,30.2,2,50,8.1
2024-06-14,Closing,270,42,21.1,5,41,11.3
2024-06-14,Client Services,261,20,31.2,8,35,9.6
2024-06-14,Compliance,120,25,21.0,5,15,15.5
2024-06-14,Operations,182,60,17.2,7,46,3.0
2024-06-17,Underwriting,174,31,21.3,4,50,9.8
2024-06-17,Closing,55,54,23.1,0,24,9.4
2024-06-17,Client Services,235,61,25.1,3,43,17.4
2024-06-17,Compliance,244,32,18.1,6,47,10.9
2024-06-17,Operations,126,71,34.9,5,43,1.2
2024-06-18,Underwriting,181,25,8.7,4,17,4.1
2024-06-18,Closing,239,72,6.4,3,35,15.3
2024-06-18,Client Services,218,66,12.8,3,22,19.9
2024-06-18,Compliance,113,40,22.6,1,33,9.2
2024-06-18,Operations,203,14,16.4,6,43,0.4
2024-06-19,Underwriting,275,54,13.4,1,16,4.4
2024-06-19,Closing,186,60,6.4,3,30,14.5
2024-06-19,Client Services,187,60,30.0,5,49,12.7
2024-06-19,Compliance,279,27,26.1,6,43,0.5
2024-06-19,Operations,78,75,34.4,2,50,4.7
2024-06-20,Underwriting,261,13,12.8,2,34,8.8
2024-06-20,Closing,64,38,29.1,8,39,4.4
2024-06-20,Client Services,124,21,28.6,6,49,19.6
2024-06-20,Compliance,190,41,5.5,0,28,17.4
2024-06-20,Operations,273,28,15.8,1,33,11.1
2024-06-21,Underwriting,103,18,28.5,5,28,14.6
2024-06-21,Closing,118,36,24.3,0,36,2.7
2024-06-21,Client Services,101,53,25.5,3,17,0.8
2024-06-21,Compliance,165,66,32.5,3,29,9.2
2024-06-21,Operations,213,45,17.9,2,49,1.4
2024-06-24,Underwriting,175,19,14.7,1,37,15.6
2024-06-24,Closing,77,29,23.8,1,28,8.9
2024-06-24,Client Services,189,37,16.0,6,37,3.2
2024-06-24,Compliance,178,16,31.3,0,50,15.6
2024-06-24,Operations,111,13,25.3,2,20,8.0
2024-06-25,Underwriting,117,11,21.6,8,38,4.8
2024-06-25,Closing,144,48,7.7,0,18,8.1
2024-06-25,Client Services,110,78,10.5,6,37,13.7
2024-06-25,Compliance,160,25,31.8,0,50,16.8
2024-06-25,Operations,256,12,5.1,0,46,7.1
2024-06-26,Underwriting,274,15,10.4,7,44,7.2
2024-06-26,Closing,126,70,11.3,4,22,0.3
2024-06-26,Client Services,277,56,6.8,4,35,1.7
2024-06-26,Compliance,107,52,9.9,7,29,17.8
2024-06-26,Operations,131,28,18.2,6,36,1.0
2024-06-27,Underwriting,127,35,17.7,1,28,6.5
2024-06-27,Closing,257,33,21.4,0,24,11.9
2024-06-27,Client Services,55,61,10.7,6,16,7.1
2024-06-27,Compliance,175,56,5.0,4,40,10.3
2024-06-27,Operations,56,68,9.7,3,47,1.4
2024-06-28,Underwriting,209,56,13.2,6,47,4.7
2024-06-28,Closing,60,71,18.0,6,29,5.6
2024-06-28,Client Services,146,79,30.3,5,45,6.0
2024-06-28,Compliance,88,47,11.3,6,21,19.3
2024-06-28,Operations,208,42,11.8,6,45,4.5
2024-07-01,Underwriting,105,43,24.4,7,36,4.0
2024-07-01,Closing,121,24,28.4,3,32,19.3
2024-07-01,Client Services,88,10,14.6,1,48,12.1
2024-07-01,Compliance,134,19,8.7,2,41,13.3
2024-07-01,Operations,232,30,12.5,5,44,6.3
2024-07-02,Underwriting,204,44,9.6,5,39,16.5
2024-07-02,Closing,69,53,30.6,4,36,1.1
2024-07-02,Client Services,109,56,18.7,8,45,3.5
2024-07-02,Compliance,55,18,25.8,8,36,2.3
2024-07-02,Operations,160,79,23.2,2,34,9.7
2024-07-03,Underwriting,122,69,29.0,5,48,17.5
2024-07-03,Closing,230,25,5.7,3,19,3.9
2024-07-03,Client Services,144,64,29.2,5,35,18.0
2024-07-03,Compliance,241,67,7.3,1,49,4.9
2024-07-03,Operations,225,16,26.5,3,44,5.4
2024-07-04,Underwriting,287,74,22.2,2,30,13.4
2024-07-04,Closing,108,63,18.7,4,24,4.1
2024-07-04,Client Services,112,12,16.2,4,33,15.6
2024-07-04,Compliance,159,38,6.6,8,22,4.2
2024-07-04,Operations,165,41,34.2,8,34,15.6
2024-07-05,Underwriting,53,55,20.9,0,46,10.9
2024-07-05,Closing,257,67,23.0,2,34,8.0
2024-07-05,Client Services,292,64,34.9,2,37,18.4
2024-07-05,Compliance,150,58,15.5,5,42,8.0
2024-07-05,Operations,198,47,30.0,7,34,9.3
2024-07-08,Underwriting,123,27,19.2,4,46,20.0
2024-07-08,Closing,91,48,21.7,2,20,2.8
2024-07-08,Client Services,221,31,9.4,3,30,2.7
2024-07-08,Compliance,249,19,20.8,4,38,2.7
2024-07-08,Operations,86,72,15.7,4,42,0.8
2024-07-09,Underwriting,66,43,29.5,2,46,7.5
2024-07-09,Closing,149,39,14.3,1,42,3.8
2024-07-09,Client Services,191,53,8.3,2,21,11.2
2024-07-09,Compliance,83,39,34.2,2,36,11.1
2024-07-09,Operations,253,72,12.0,0,29,1.9
2024-07-10,Underwriting,155,78,6.5,6,28,15.3
2024-07-10,Closing,50,31,28.1,5,24,5.1
2024-07-10,Client Services,170,51,17.6,8,34,19.2
2024-07-10,Compliance,297,28,18.7,1,30,19.2
2024-07-10,Operations,217,68,16.1,1,41,18.9
2024-07-11,Underwriting,170,67,27.6,3,32,1.9
2024-07-11,Closing,252,54,25.2,0,26,12.0
2024-07-11,Client Services,212,68,18.2,1,18,12.1
2024-07-11,Compliance,262,15,19.4,3,34,7.8
2024-07-11,Operations,158,72,16.0,3,27,18.4
2024-07-12,Underwriting,142,70,24.0,0,27,9.4
2024-07-12,Closing,217,45,24.5,6,27,1.9
2024-07-12,Client Services,296,62,23.9,8,40,17.3
2024-07-12,Compliance,289,33,24.0,4,32,8.1
2024-07-12,Operations,135,15,12.7,6,26,3.7
2024-07-15,Underwriting,95,20,17.1,8,21,15.4
2024-07-15,Closing,62,75,12.8,3,16,14.1
2024-07-15,Client Services,50,51,7.2,2,18,7.1
2024-07-15,Compliance,276,53,27.3,5,35,9.3
2024-07-15,Operations,143,75,16.7,6,22,0.7
2024-07-16,Underwriting,118,61,31.4,4,47,15.0
2024-07-16,Closing,97,20,21.1,1,48,9.5
2024-07-16,Client Services,253,23,14.7,5,34,6.8
2024-07-16,Compliance,56,48,30.5,6,34,5.9
2024-07-16,Operations,243,50,8.5,1,20,17.7
2024-07-17,Underwriting,57,14,8.6,5,23,6.3
2024-07-17,Closing,65,42,30.8,0,18,7.2
2024-07-17,Client Services,97,29,7.5,1,20,4.1
2024-07-17,Compliance,176,64,20.2,2,45,2.9
2024-07-17,Operations,174,54,30.2,2,44,3.3
2024-07-18,Underwriting,276,70,32.9,5,37,12.9
2024-07-18,Closing,237,15,26.5,6,27,11.5
2024-07-18,Client Services,278,37,16.9,8,42,5.5
2024-07-18,Compliance,124,66,21.8,5,34,16.7
2024-07-18,Operations,83,22,29.9,6,32,7.6
2024-07-19,Underwriting,176,21,32.2,2,27,2.8
2024-07-19,Closing,210,68,8.5,7,41,9.8
2024-07-19,Client Services,273,35,7.1,3,37,15.0
2024-07-19,Compliance,168,66,19.1,3,49,3.9
2024-07-19,Operations,129,50,29.1,4,46,11.9
2024-07-22,Underwriting,203,24,8.5,3,41,4.8
2024-07-22,Closing,123,16,6.9,4,47,13.6
2024-07-22,Client Services,191,24,21.7,8,42,15.9
2024-07-22,Compliance,90,35,11.0,3,25,3.7
2024-07-22,Operations,238,66,7.3,8,49,12.2
2024-07-23,Underwriting,182,12,24.7,0,26,2.8
2024-07-23,Closing,108,77,15.8,8,23,14.7
2024-07-23,Client Services,176,69,23.6,2,34,6.4
2024-07-23,Compliance,142,47,6.3,6,43,16.2
2024-07-23,Operations,297,33,28.9,0,15,3.8
2024-07-24,Underwriting,201,13,34.2,7,23,11.4
2024-07-24,Closing,103,17,26.2,1,33,16.0
2024-07-24,Client Services,239,14,29.3,7,36,11.4
2024-07-24,Compliance,189,36,10.5,4,32,2.2
2024-07-24,Operations,212,22,5.1,5,43,17.2
2024-07-25,Underwriting,193,48,32.2,5,47,7.4
2024-07-25,Closing,162,27,29.0,7,42,4.3
2024-07-25,Client Services,74,74,29.0,2,21,9.7
2024-07-25,Compliance,117,27,5.0,8,24,3.6
2024-07-25,Operations,82,24,26.2,4,36,0.8
2024-07-26,Underwriting,227,54,9.6,0,29,3.2
2024-07-26,Closing,194,64,31.1,5,21,18.1
2024-07-26,Client Services,276,30,20.1,6,19,7.7
2024-07-26,Compliance,246,18,6.7,3,49,7.6
2024-07-26,Operations,223,66,16.9,4,18,2.3
2024-07-29,Underwriting,78,18,32.0,2,38,16.0
2024-07-29,Closing,206,65,9.8,7,21,6.4
2024-07-29,Client Services,227,43,19.7,0,34,6.3
2024-07-29,Compliance,246,61,25.7,7,16,3.1
2024-07-29,Operations,215,23,27.3,3,27,0.9
2024-07-30,Underwriting,85,19,34.8,4,17,8.6
2024-07-30,Closing,109,60,31.1,8,17,9.2
2024-07-30,Client Services,151,72,20.6,6,21,7.7
2024-07-30,Compliance,185,12,15.5,0,24,7.6
2024-07-30,Operations,255,13,10.1,5,50,1.1
2024-07-31,Underwriting,257,58,31.2,6,20,3.5
2024-07-31,Closing,123,64,19.6,6,26,12.5
2024-07-31,Client Services,157,21,15.5,4,38,16.0
2024-07-31,Compliance,167,46,17.3,5,50,14.9
2024-07-31,Operations,50,69,26.7,2,15,3.1
2024-08-01,Underwriting,247,17,34.6,3,15,7.3
2024-08-01,Closing,146,29,20.9,6,32,6.0
2024-08-01,Client Services,226,79,12.0,0,49,11.4
2024-08-01,Compliance,274,57,11.7,5,35,2.6
2024-08-01,Operations,212,45,10.7,7,24,14.3
2024-08-02,Underwriting,199,39,13.9,2,20,18.4
2024-08-02,Closing,163,37,22.5,2,29,5.6
2024-08-02,Client Services,258,16,17.7,7,34,18.8
2024-08-02,Compliance,286,64,30.5,5,31,7.9
2024-08-02,Operations,141,50,8.7,1,16,11.3
2024-08-05,Underwriting,224,17,22.1,6,50,18.8
2024-08-05,Closing,117,22,28.2,5,47,11.6
2024-08-05,Client Services,118,41,28.8,8,47,12.8
2024-08-05,Compliance,112,25,14.9,8,27,3.4
2024-08-05,Operations,270,31,11.2,7,18,2.3
2024-08-06,Underwriting,167,39,33.2,1,19,3.6
2024-08-06,Closing,131,36,15.0,2,41,15.2
2024-08-06,Client Services,167,45,11.0,7,45,10.6
2024-08-06,Compliance,235,12,12.1,6,28,20.0
2024-08-06,Operations,174,64,29.4,2,32,4.3
2024-08-07,Underwriting,294,62,14.7,6,28,7.8
2024-08-07,Closing,70,21,33.8,5,25,6.6
2024-08-07,Client Services,259,22,22.9,1,36,13.5
2024-08-07,Compliance,225,74,6.4,3,37,15.7
2024-08-07,Operations,105,40,11.1,6,28,3.6
2024-08-08,Underwriting,69,80,17.4,1,27,9.0
2024-08-08,Closing,63,29,15.4,8,15,5.0
2024-08-08,Client Services,145,58,12.9,3,32,0.7
2024-08-08,Compliance,89,47,27.2,0,43,10.7
2024-08-08,Operations,162,77,5.4,6,15,3.1
2024-08-09,Underwriting,103,52,19.3,6,27,7.8
2024-08-09,Closing,95,61,23.7,5,39,14.0
2024-08-09,Client Services,279,61,31.2,6,15,19.5
2024-08-09,Compliance,212,76,23.1,4,44,14.3
2024-08-09,Operations,81,50,25.3,4,46,13.9
2024-08-12,Underwriting,159,32,9.6,2,34,9.2
2024-08-12,Closing,55,71,26.1,2,18,1.5
2024-08-12,Client Services,175,80,22.5,0,19,16.0
2024-08-12,Compliance,85,56,22.5,6,21,2.8
2024-08-12,Operations,84,18,33.2,6,30,16.0
2024-08-13,Underwriting,175,20,11.5,5,33,1.4
2024-08-13,Closing,162,65,21.3,4,39,8.8
2024-08-13,Client Services,171,27,26.1,0,35,1.3
2024-08-13,Compliance,269,59,22.0,8,32,5.5
2024-08-13,Operations,157,31,26.4,3,35,1.6
2024-08-14,Underwriting,171,65,24.4,3,31,8.7
2024-08-14,Closing,205,56,12.1,7,16,5.6
2024-08-14,Client Services,154,68,20.5,4,16,14.7
2024-08-14,Compliance,200,58,8.2,3,19,19.2
2024-08-14,Operations,102,46,11.4,1,31,9.0
2024-08-15,Underwriting,173,19,30.2,2,21,1.4
2024-08-15,Closing,180,30,25.0,0,38,12.3
2024-08-15,Client Services,143,67,28.5,6,33,0.1
2024-08-15,Compliance,222,79,23.5,7,37,12.3
2024-08-15,Operations,58,63,18.3,2,30,7.6
2024-08-16,Underwriting,214,46,25.6,6,49,6.8
2024-08-16,Closing,261,41,7.5,3,35,2.5
2024-08-16,Client Services,89,74,32.4,4,20,8.8
2024-08-16,Compliance,194,39,25.1,8,21,15.0
2024-08-16,Operations,118,61,19.1,1,38,3.1
2024-08-19,Underwriting,128,24,27.2,8,45,10.6
2024-08-19,Closing,59,25,18.7,7,49,13.5
2024-08-19,Client Services,97,18,15.2,8,23,8.5
2024-08-19,Compliance,99,48,14.8,7,44,0.1
2024-08-19,Operations,61,70,8.4,4,18,14.0
2024-08-20,Underwriting,236,13,14.3,8,27,11.1
2024-08-20,Closing,265,48,13.0,3,28,13.8
2024-08-20,Client Services,286,44,9.2,2,48,13.6
2024-08-20,Compliance,98,38,7.6,0,38,0.2
2024-08-20,Operations,134,63,12.7,3,15,14.0
2024-08-21,Underwriting,136,32,31.4,0,24,2.5
2024-08-21,Closing,174,18,9.2,1,33,15.4
2024-08-21,Client Services,258,39,10.7,4,48,8.1
2024-08-21,Compliance,144,34,7.0,3,35,11.1
2024-08-21,Operations,174,58,9.4,1,32,6.9
2024-08-22,Underwriting,249,27,24.9,5,50,4.0
2024-08-22,Closing,55,25,22.3,6,17,13.7
2024-08-22,Client Services,238,30,28.1,2,16,14.4
2024-08-22,Compliance,85,29,7.0,1,50,0.4
2024-08-22,Operations,129,10,26.8,4,47,4.5
2024-08-23,Underwriting,269,36,12.4,0,43,9.9
2024-08-23,Closing,147,75,18.2,6,16,19.1
2024-08-23,Client Services,143,54,33.2,5,17,16.9
2024-08-23,Compliance,248,55,7.3,8,15,15.1
2024-08-23,Operations,179,45,17.6,7,40,11.5
2024-08-26,Underwriting,245,29,19.9,2,29,4.1
2024-08-26,Closing,257,33,14.0,3,39,9.5
2024-08-26,Client Services,76,67,16.7,6,20,17.2
2024-08-26,Compliance,217,11,22.2,8,48,12.7
2024-08-26,Operations,161,78,11.7,5,26,2.3
2024-08-27,Underwriting,131,59,9.4,8,33,1.6
2024-08-27,Closing,202,58,11.6,8,27,12.4
2024-08-27,Client Services,263,72,30.4,6,27,15.7
2024-08-27,Compliance,81,28,11.8,6,46,10.4
2024-08-27,Operations,237,20,9.8,3,19,13.8
2024-08-28,Underwriting,256,78,23.1,4,36,3.8
2024-08-28,Closing,145,53,12.4,4,49,1.8
2024-08-28,Client Services,132,69,19.9,0,17,0.7
2024-08-28,Compliance,297,38,32.5,3,42,7.6
2024-08-28,Operations,197,67,20.2,4,49,2.9
2024-08-29,Underwriting,290,16,23.4,7,37,3.8
2024-08-29,Closing,168,46,30.7,6,31,2.5
2024-08-29,Client Services,290,36,29.3,1,26,0.8
2024-08-29,Compliance,139,69,29.6,5,30,12.7
2024-08-29,Operations,115,38,21.5,7,38,16.8
2024-08-30,Underwriting,187,20,6.7,1,21,11.8
2024-08-30,Closing,183,61,19.2,8,29,10.9
2024-08-30,Client Services,97,17,15.4,0,39,4.6
2024-08-30,Compliance,274,21,8.4,0,49,3.5
2024-08-30,Operations,236,69,19.0,6,29,5.5
2024-09-02,Underwriting,258,55,23.3,0,20,1.9
2024-09-02,Closing,212,23,33.4,6,31,0.8
2024-09-02,Client Services,54,34,18.4,6,23,4.2
2024-09-02,Compliance,231,10,22.4,1,24,17.9
2024-09-02,Operations,216,75,17.6,3,19,15.2
2024-09-03,Underwriting,64,23,29.1,0,44,12.4
2024-09-03,Closing,53,51,24.1,5,18,9.1
2024-09-03,Client Services,66,31,23.7,4,21,4.8
2024-09-03,Compliance,189,48,20.1,1,19,14.6
2024-09-03,Operations,62,75,5.8,8,19,14.2
2024-09-04,Underwriting,151,41,21.6,8,43,14.6
2024-09-04,Closing,61,48,18.8,6,32,9.4
2024-09-04,Client Services,224,56,27.9,8,32,11.5
2024-09-04,Compliance,72,75,26.8,8,45,9.2
2024-09-04,Operations,298,26,16.5,8,25,7.0
2024-09-05,Underwriting,132,13,21.5,3,15,8.7
2024-09-05,Closing,136,20,34.4,1,43,8.3
2024-09-05,Client Services,290,46,7.7,3,28,11.6
2024-09-05,Compliance,238,50,33.3,1,18,13.9
2024-09-05,Operations,62,17,19.7,0,48,16.7
2024-09-06,Underwriting,278,50,22.2,3,15,1.8
2024-09-06,Closing,98,63,21.0,2,47,0.9
2024-09-06,Client Services,300,68,33.2,0,15,19.2
2024-09-06,Compliance,81,20,31.4,2,32,7.1
2024-09-06,Operations,149,79,23.3,8,28,1.5
2024-09-09,Underwriting,62,20,5.9,0,17,4.5
2024-09-09,Closing,196,42,16.0,0,50,15.6
2024-09-09,Client Services,56,52,24.9,6,42,14.8
2024-09-09,Compliance,189,56,26.3,5,31,14.6
2024-09-09,Operations,223,46,5.5,5,36,18.8
2024-09-10,Underwriting,175,36,32.4,6,26,5.9
2024-09-10,Closing,77,60,29.7,7,48,11.1
2024-09-10,Client Services,249,40,18.3,8,39,19.4
2024-09-10,Compliance,274,65,6.8,1,23,6.7
2024-09-10,Operations,143,35,26.2,1,33,4.6
2024-09-11,Underwriting,221,79,32.4,8,38,15.2
2024-09-11,Closing,241,36,11.9,0,39,7.4
2024-09-11,Client Services,281,72,13.3,5,50,4.1
2024-09-11,Compliance,270,66,27.2,2,50,7.8
2024-09-11,Operations,201,35,20.4,2,36,8.8
2024-09-12,Underwriting,175,50,9.5,8,25,6.1
2024-09-12,Closing,236,69,11.8,7,24,7.2
2024-09-12,Client Services,52,74,15.3,8,22,16.9
2024-09-12,Compliance,277,22,23.9,5,15,9.0
2024-09-12,Operations,201,29,18.9,8,42,7.4
2024-09-13,Underwriting,54,56,13.9,7,40,5.5
2024-09-13,Closing,79,15,21.0,2,17,18.3
2024-09-13,Client Services,253,64,8.1,3,33,4.8
2024-09-13,Compliance,205,34,26.1,8,22,14.8
2024-09-13,Operations,160,56,28.7,7,41,4.0
2024-09-16,Underwriting,197,21,26.5,2,28,19.3
2024-09-16,Closing,212,15,7.7,1,40,0.8
2024-09-16,Client Services,80,39,9.2,7,34,13.4
2024-09-16,Compliance,75,49,12.4,6,35,0.8
2024-09-16,Operations,290,80,21.8,0,31,17.1
2024-09-17,Underwriting,76,50,31.9,5,35,14.3
2024-09-17,Closing,188,62,34.0,3,20,1.4
2024-09-17,Client Services,232,40,25.0,3,30,19.9
2024-09-17,Compliance,90,13,18.7,3,33,4.1
2024-09-17,Operations,222,29,26.3,2,21,19.3
2024-09-18,Underwriting,295,42,33.8,3,41,16.3
2024-09-18,Closing,146,60,5.1,7,43,10.7
2024-09-18,Client Services,91,45,29.5,0,49,10.5
2024-09-18,Compliance,96,29,32.5,2,24,13.1
2024-09-18,Operations,230,51,32.0,0,26,17.1
2024-09-19,Underwriting,300,58,8.6,3,19,8.1
2024-09-19,Closing,239,37,31.1,6,48,4.7
2024-09-19,Client Services,217,70,11.5,0,34,7.1
2024-09-19,Compliance,99,56,14.5,5,15,12.4
2024-09-19,Operations,88,69,32.6,2,36,11.6
2024-09-20,Underwriting,162,47,32.1,0,23,3.0
2024-09-20,Closing,198,77,30.8,2,15,12.7
2024-09-20,Client Services,115,45,18.7,3,49,10.0
2024-09-20,Compliance,300,47,22.8,6,30,13.0
2024-09-20,Operations,59,60,29.8,6,41,3.4
2024-09-23,Underwriting,188,58,8.8,1,25,3.9
2024-09-23,Closing,198,53,13.1,0,19,7.6
2024-09-23,Client Services,126,75,33.5,2,25,14.4
2024-09-23,Compliance,125,76,15.3,8,39,13.2
2024-09-23,Operations,102,77,26.0,1,20,14.7
2024-09-24,Underwriting,286,54,19.2,0,31,4.9
2024-09-24,Closing,159,51,21.6,8,49,14.1
2024-09-24,Client Services,240,72,27.2,0,43,5.5
2024-09-24,Compliance,255,65,14.0,6,46,11.3
2024-09-24,Operations,111,56,33.9,4,29,15.8
2024-09-25,Underwriting,284,79,21.1,4,36,7.4
2024-09-25,Closing,69,15,5.3,4,32,20.0
2024-09-25,Client Services,196,48,12.2,0,38,16.5
2024-09-25,Compliance,179,59,15.5,1,50,6.2
2024-09-25,Operations,103,44,27.7,5,48,19.1
2024-09-26,Underwriting,203,72,13.6,0,49,12.6
2024-09-26,Closing,236,26,13.3,4,27,12.9
2024-09-26,Client Services,121,61,28.7,0,34,3.7
2024-09-26,Compliance,77,45,33.2,0,17,3.5
2024-09-26,Operations,92,40,28.1,3,39,0.5
2024-09-27,Underwriting,67,23,33.6,1,44,1.0
2024-09-27,Closing,119,62,29.7,1,36,1.5
2024-09-27,Client Services,129,49,20.7,4,43,2.6
2024-09-27,Compliance,274,27,22.9,5,26,14.7
2024-09-27,Operations,252,52,26.8,2,27,16.9
2024-09-30,Underwriting,294,46,34.5,0,40,6.1
2024-09-30,Closing,241,14,24.1,8,16,12.6
2024-09-30,Client Services,158,79,18.8,5,41,9.5
2024-09-30,Compliance,181,12,14.9,3,41,15.6
2024-09-30,Operations,164,15,25.3,7,20,6.9
2024-10-01,Underwriting,180,11,15.0,6,19,0.8
2024-10-01,Closing,219,79,14.9,5,24,19.3
2024-10-01,Client Services,106,40,10.7,3,31,7.0
2024-10-01,Compliance,66,45,11.3,3,30,15.8
2024-10-01,Operations,70,75,20.0,2,48,2.7
2024-10-02,Underwriting,202,46,26.1,0,22,13.1
2024-10-02,Closing,294,39,25.0,1,23,8.4
2024-10-02,Client Services,91,50,11.8,7,39,2.8
2024-10-02,Compliance,225,65,31.5,3,30,5.8
2024-10-02,Operations,158,31,14.7,6,40,3.1
2024-10-03,Underwriting,203,57,6.3,4,43,10.4
2024-10-03,Closing,141,20,8.8,8,46,9.7
2024-10-03,Client Services,93,30,25.1,5,37,1.5
2024-10-03,Compliance,212,68,14.6,7,48,2.2
2024-10-03,Operations,63,69,18.7,1,45,3.4
2024-10-04,Underwriting,188,70,24.7,5,45,1.0
2024-10-04,Closing,128,47,34.4,4,22,7.9
2024-10-04,Client Services,201,55,24.1,3,31,14.4
2024-10-04,Compliance,128,13,30.4,2,17,10.6
2024-10-04,Operations,271,44,14.6,1,32,2.3
2024-10-07,Underwriting,158,80,10.8,5,43,3.9
2024-10-07,Closing,292,48,16.9,2,24,12.0
2024-10-07,Client Services,226,25,26.3,8,36,19.7
2024-10-07,Compliance,88,18,22.1,8,27,14.1
2024-10-07,Operations,94,63,31.8,5,38,8.2
2024-10-08,Underwriting,205,77,14.5,7,29,7.2
2024-10-08,Closing,167,25,24.3,2,15,17.9
2024-10-08,Client Services,57,66,31.8,5,46,10.3
2024-10-08,Compliance,248,15,17.7,1,20,0.1
2024-10-08,Operations,240,45,19.2,3,42,4.8
2024-10-09,Underwriting,64,36,9.5,2,21,18.1
2024-10-09,Closing,296,78,20.0,3,26,9.3
2024-10-09,Client Services,292,54,26.7,2,38,18.2
2024-10-09,Compliance,133,77,30.7,6,38,8.8
2024-10-09,Operations,107,45,34.3,8,24,12.2
2024-10-10,Underwriting,89,50,13.5,3,21,15.6
2024-10-10,Closing,109,13,25.5,3,27,6.0
2024-10-10,Client Services,125,32,9.8,0,17,12.4
2024-10-10,Compliance,280,39,11.5,0,19,10.9
2024-10-10,Operations,289,36,25.3,8,20,0.3
2024-10-11,Underwriting,135,16,28.1,3,26,2.3
2024-10-11,Closing,265,16,16.5,6,42,19.2
2024-10-11,Client Services,147,77,10.2,7,27,11.9
2024-10-11,Compliance,291,23,33.7,0,31,19.6
2024-10-11,Operations,151,65,13.8,8,22,18.8
2024-10-14,Underwriting,58,32,21.6,0,45,12.5
2024-10-14,Closing,256,60,12.0,3,25,0.6
2024-10-14,Client Services,277,64,7.7,8,16,6.0
2024-10-14,Compliance,101,23,30.0,5,31,3.9
2024-10-14,Operations,124,32,9.1,2,39,8.2
2024-10-15,Underwriting,216,46,32.0,4,50,18.9
2024-10-15,Closing,282,44,17.6,0,32,17.8
2024-10-15,Client Services,129,30,29.9,6,43,14.3
2024-10-15,Compliance,137,64,33.5,6,31,1.7
2024-10-15,Operations,259,33,6.9,7,22,5.2
2024-10-16,Underwriting,123,79,34.3,7,19,4.4
2024-10-16,Closing,131,64,27.1,7,28,4.8
2024-10-16,Client Services,164,29,13.1,2,32,2.7
2024-10-16,Compliance,78,28,20.9,0,25,2.4
2024-10-16,Operations,183,15,22.6,1,41,13.6
2024-10-17,Underwriting,141,50,26.0,1,48,16.0
2024-10-17,Closing,297,23,20.7,3,48,5.2
2024-10-17,Client Services,113,18,22.9,5,37,6.4
2024-10-17,Compliance,287,71,7.9,7,26,4.7
2024-10-17,Operations,264,25,13.6,6,37,18.3
2024-10-18,Underwriting,113,60,12.0,7,29,2.0
2024-10-18,Closing,212,63,12.6,8,34,18.5
2024-10-18,Client Services,261,39,34.1,6,25,18.2
2024-10-18,Compliance,271,37,11.1,5,31,3.9
2024-10-18,Operations,137,66,17.7,1,28,4.7
2024-10-21,Underwriting,292,15,28.4,6,33,6.0
2024-10-21,Closing,260,71,15.8,5,33,7.3
2024-10-21,Client Services,79,14,19.5,2,43,1.1
2024-10-21,Compliance,139,80,15.8,2,43,17.0
2024-10-21,Operations,179,77,23.5,4,39,0.1
2024-10-22,Underwriting,145,48,18.0,3,28,3.0
2024-10-22,Closing,107,24,24.2,0,37,0.0
2024-10-22,Client Services,192,12,29.1,0,41,19.5
2024-10-22,Compliance,214,74,33.5,6,17,10.4
2024-10-22,Operations,82,75,34.1,4,36,17.5
2024-10-23,Underwriting,200,77,34.1,8,28,6.5
2024-10-23,Closing,104,48,9.1,8,30,15.5
2024-10-23,Client Services,182,49,24.8,6,22,14.6
2024-10-23,Compliance,167,11,32.9,1,29,0.6
2024-10-23,Operations,272,44,5.6,5,42,15.9
2024-10-24,Underwriting,137,60,32.6,7,28,18.3
2024-10-24,Closing,239,40,6.3,3,48,5.7
2024-10-24,Client Services,227,61,28.6,3,36,2.6
2024-10-24,Compliance,281,13,26.1,2,49,12.0
2024-10-24,Operations,242,60,13.7,6,22,16.0
2024-10-25,Underwriting,189,46,16.0,0,31,9.0
2024-10-25,Closing,89,69,24.9,6,17,3.7
2024-10-25,Client Services,193,10,11.7,4,39,0.5
2024-10-25,Compliance,214,24,17.9,3,42,4.0
2024-10-25,Operations,189,31,12.9,4,19,6.4
2024-10-28,Underwriting,197,17,15.2,2,36,13.2
2024-10-28,Closing,160,21,19.7,2,33,16.9
2024-10-28,Client Services,298,39,19.9,3,37,19.1
2024-10-28,Compliance,154,43,28.8,2,28,3.5
2024-10-28,Operations,190,30,9.1,6,28,12.8
2024-10-29,Underwriting,276,11,17.4,5,20,5.8
2024-10-29,Closing,75,39,28.5,1,43,15.2
2024-10-29,Client Services,212,76,24.5,6,18,16.5
2024-10-29,Compliance,165,38,12.0,2,15,8.2
2024-10-29,Operations,75,17,25.3,2,29,15.1
2024-10-30,Underwriting,68,75,28.0,3,15,19.2
2024-10-30,Closing,59,13,21.8,1,32,8.6
2024-10-30,Client Services,231,60,28.6,6,39,15.6
2024-10-30,Compliance,93,68,24.8,4,47,0.2
2024-10-30,Operations,152,45,16.1,4,45,15.2
2024-10-31,Underwriting,254,37,5.5,6,20,15.2
2024-10-31,Closing,297,52,20.7,1,39,17.1
2024-10-31,Client Services,169,14,30.9,2,50,14.2
2024-10-31,Compliance,161,61,15.8,1,22,15.9
2024-10-31,Operations,254,31,19.9,8,28,2.5
2024-11-01,Underwriting,128,17,6.4,8,29,12.0
2024-11-01,Closing,167,64,32.2,2,40,2.5
2024-11-01,Client Services,236,55,22.6,3,50,5.0
2024-11-01,Compliance,101,33,10.9,7,46,1.8
2024-11-01,Operations,121,47,5.4,4,35,18.3
2024-11-04,Underwriting,179,11,27.3,1,35,7.8
2024-11-04,Closing,250,46,25.0,6,47,15.9
2024-11-04,Client Services,98,64,24.9,1,35,18.6
2024-11-04,Compliance,163,30,18.6,2,47,19.9
2024-11-04,Operations,252,72,27.7,1,38,15.5
2024-11-05,Underwriting,206,29,16.8,5,19,2.8
2024-11-05,Closing,237,27,7.4,4,38,19.4
2024-11-05,Client Services,82,80,12.8,1,46,13.0
2024-11-05,Compliance,135,15,34.4,2,50,12.6
2024-11-05,Operations,253,30,23.8,7,50,13.2
2024-11-06,Underwriting,242,49,10.5,6,25,12.7
2024-11-06,Closing,180,32,24.3,6,25,8.1
2024-11-06,Client Services,95,51,27.2,7,33,14.6
2024-11-06,Compliance,165,47,6.9,6,20,13.9
2024-11-06,Operations,96,59,16.6,5,31,11.9
2024-11-07,Underwriting,246,61,9.6,6,39,13.9
2024-11-07,Closing,280,46,33.2,7,46,3.8
2024-11-07,Client Services,83,44,8.1,6,28,11.7
2024-11-07,Compliance,114,58,19.2,2,15,17.2
2024-11-07,Operations,117,24,16.7,7,17,0.0
2024-11-08,Underwriting,117,22,14.6,1,38,11.3
2024-11-08,Closing,101,69,20.4,6,48,3.8
2024-11-08,Client Services,292,31,16.0,6,38,7.9
2024-11-08,Compliance,56,63,28.0,1,49,16.5
2024-11-08,Operations,263,30,29.5,8,29,3.7
2024-11-11,Underwriting,251,36,26.2,2,39,7.7
2024-11-11,Closing,160,41,27.2,5,33,17.5
2024-11-11,Client Services,209,28,26.9,6,26,3.7
2024-11-11,Compliance,165,44,16.3,0,27,11.7
2024-11-11,Operations,113,26,29.1,8,30,13.4
2024-11-12,Underwriting,117,34,18.5,5,33,5.4
2024-11-12,Closing,285,57,8.8,2,50,15.4
2024-11-12,Client Services,209,52,23.3,8,40,8.0
2024-11-12,Compliance,76,34,15.0,1,26,10.3
2024-11-12,Operations,159,64,26.0,1,50,7.0
2024-11-13,Underwriting,162,37,6.6,0,16,16.0
2024-11-13,Closing,75,51,10.8,6,27,12.2
2024-11-13,Client Services,278,56,16.3,2,41,2.9
2024-11-13,Compliance,64,33,26.8,8,50,3.4
2024-11-13,Operations,287,24,6.2,7,43,19.1
2024-11-14,Underwriting,99,55,25.7,8,40,4.1
2024-11-14,Closing,151,67,18.8,5,16,7.8
2024-11-14,Client Services,84,66,13.0,0,43,3.9
2024-11-14,Compliance,119,66,15.1,0,17,17.1
2024-11-14,Operations,122,58,19.8,8,43,12.6
2024-11-15,Underwriting,211,59,25.4,6,50,3.5
2024-11-15,Closing,180,59,25.6,1,28,5.4
2024-11-15,Client Services,131,77,33.8,4,44,18.0
2024-11-15,Compliance,141,54,26.8,7,15,1.0
2024-11-15,Operations,160,41,21.2,3,50,15.6
2024-11-18,Underwriting,285,63,30.8,0,23,12.4
2024-11-18,Closing,260,18,34.4,1,48,16.9
2024-11-18,Client Services,180,46,19.1,0,23,13.8
2024-11-18,Compliance,214,47,26.8,2,25,8.9
2024-11-18,Operations,245,72,17.4,1,20,0.4
2024-11-19,Underwriting,75,14,17.1,8,24,5.7
2024-11-19,Closing,73,55,14.3,2,30,13.6
2024-11-19,Client Services,165,33,8.4,0,16,14.1
2024-11-19,Compliance,279,79,21.7,8,23,3.8
2024-11-19,Operations,170,12,33.5,6,20,17.7
2024-11-20,Underwriting,195,18,24.1,8,28,17.8
2024-11-20,Closing,171,18,19.9,2,26,12.3
2024-11-20,Client Services,194,15,17.1,8,32,15.0
2024-11-20,Compliance,178,25,12.9,5,43,0.2
2024-11-20,Operations,288,49,9.8,6,19,15.2
2024-11-21,Underwriting,93,14,18.0,6,40,19.8
2024-11-21,Closing,185,62,28.0,5,35,5.1
2024-11-21,Client Services,218,79,20.5,1,41,14.9
2024-11-21,Compliance,173,36,21.4,2,37,6.4
2024-11-21,Operations,206,61,22.5,5,17,7.8
2024-11-22,Underwriting,140,13,26.2,5,18,18.5
2024-11-22,Closing,201,65,5.9,3,34,15.7
2024-11-22,Client Services,82,28,5.4,1,37,7.3
2024-11-22,Compliance,77,63,19.9,5,18,10.7
2024-11-22,Operations,266,73,21.2,3,39,11.6
2024-11-25,Underwriting,255,23,34.8,5,19,3.6
2024-11-25,Closing,201,57,31.0,1,31,2.1
2024-11-25,Client Services,283,12,15.1,7,24,10.9
2024-11-25,Compliance,58,24,19.4,8,49,14.9
2024-11-25,Operations,252,52,32.9,2,19,16.5
2024-11-26,Underwriting,171,36,5.9,1,28,13.6
2024-11-26,Closing,51,24,21.2,5,29,3.5
2024-11-26,Client Services,66,37,15.5,1,49,8.2
2024-11-26,Compliance,154,70,34.8,8,23,15.3
2024-11-26,Operations,76,13,20.1,4,31,18.8
2024-11-27,Underwriting,264,23,16.8,3,39,14.9
2024-11-27,Closing,157,78,14.4,3,16,11.8
2024-11-27,Client Services,288,73,16.9,3,34,13.6
2024-11-27,Compliance,204,32,21.7,7,20,6.9
2024-11-27,Operations,289,22,33.0,3,40,6.4
2024-11-28,Underwriting,158,63,28.8,5,31,1.6
2024-11-28,Closing,55,71,25.3,5,19,5.4
2024-11-28,Client Services,183,11,25.6,2,17,17.3
2024-11-28,Compliance,200,12,24.0,0,31,13.5
2024-11-28,Operations,176,24,14.5,6,37,7.7
2024-11-29,Underwriting,167,29,17.3,0,31,4.7
2024-11-29,Closing,184,51,32.8,3,47,16.4
2024-11-29,Client Services,247,50,5.6,0,37,19.8
2024-11-29,Compliance,249,36,11.8,0,39,17.6
2024-11-29,Operations,204,68,31.0,5,34,12.9
2024-12-02,Underwriting,53,64,25.7,7,31,8.9
2024-12-02,Closing,78,68,27.5,3,18,17.1
2024-12-02,Client Services,248,28,16.0,5,31,16.0
2024-12-02,Compliance,207,30,21.3,2,33,4.8
2024-12-02,Operations,95,77,29.7,6,33,6.6
2024-12-03,Underwriting,213,38,12.8,4,33,12.6
2024-12-03,Closing,61,58,8.6,5,42,6.4
2024-12-03,Client Services,62,34,23.2,6,20,3.2
2024-12-03,Compliance,266,23,30.0,7,45,15.8
2024-12-03,Operations,139,23,12.6,8,36,6.7
2024-12-04,Underwriting,150,56,21.0,6,48,12.4
2024-12-04,Closing,163,36,20.2,3,20,14.9
2024-12-04,Client Services,64,54,16.3,0,30,13.1
2024-12-04,Compliance,54,12,16.0,7,31,9.9
2024-12-04,Operations,111,35,23.6,5,48,1.4
2024-12-05,Underwriting,76,22,17.4,0,42,16.0
2024-12-05,Closing,118,40,6.6,5,26,0.3
2024-12-05,Client Services,50,70,17.2,8,43,14.0
2024-12-05,Compliance,83,16,6.2,8,19,0.8
2024-12-05,Operations,173,72,12.0,8,28,19.5
2024-12-06,Underwriting,71,60,10.2,7,46,8.5
2024-12-06,Closing,202,45,30.0,6,36,14.3
2024-12-06,Client Services,182,33,9.4,7,15,4.1
2024-12-06,Compliance,292,76,8.2,2,34,12.8
2024-12-06,Operations,190,61,8.1,5,20,5.1
2024-12-09,Underwriting,165,77,13.8,7,18,2.6
2024-12-09,Closing,254,43,33.6,5,22,3.2
2024-12-09,Client Services,196,30,23.4,5,35,16.9
2024-12-09,Compliance,273,74,28.2,7,27,4.1
2024-12-09,Operations,286,69,10.0,6,21,19.4
2024-12-10,Underwriting,76,46,8.4,5,45,5.8
2024-12-10,Closing,154,28,7.0,7,43,9.8
2024-12-10,Client Services,263,78,31.7,1,26,12.5
2024-12-10,Compliance,238,54,11.1,2,29,7.0
2024-12-10,Operations,66,15,23.9,3,26,13.5
2024-12-11,Underwriting,211,34,7.4,8,26,8.4
2024-12-11,Closing,79,15,32.6,1,38,17.8
2024-12-11,Client Services,147,74,11.8,5,26,9.1
2024-12-11,Compliance,91,43,10.4,4,46,14.4
2024-12-11,Operations,76,41,9.1,8,18,10.4
2024-12-12,Underwriting,129,10,24.7,3,28,19.6
2024-12-12,Closing,274,58,29.2,4,26,12.5
2024-12-12,Client Services,189,61,19.1,0,35,17.1
2024-12-12,Compliance,260,60,28.0,4,47,18.0
2024-12-12,Operations,268,42,5.7,2,26,2.3
2024-12-13,Underwriting,146,59,28.4,1,37,15.7
2024-12-13,Closing,159,24,10.6,3,41,4.5
2024-12-13,Client Services,245,40,24.7,6,20,8.2
2024-12-13,Compliance,155,60,8.4,8,33,2.5
2024-12-13,Operations,279,22,29.6,0,38,11.3
2024-12-16,Underwriting,259,48,24.7,1,30,18.7
2024-12-16,Closing,143,47,18.2,7,18,4.0
2024-12-16,Client Services,127,59,11.9,0,45,7.9
2024-12-16,Compliance,260,65,32.6,0,18,12.0
2024-12-16,Operations,136,47,30.5,0,32,3.3
2024-12-17,Underwriting,186,40,9.0,5,45,18.3
2024-12-17,Closing,78,19,25.9,2,27,16.2
2024-12-17,Client Services,183,71,18.3,2,27,3.4
2024-12-17,Compliance,260,42,17.0,7,48,6.2
2024-12-17,Operations,61,49,6.0,4,28,8.3
2024-12-18,Underwriting,265,47,10.3,1,28,19.1
2024-12-18,Closing,185,24,26.1,3,31,3.7
2024-12-18,Client Services,58,47,30.0,2,19,0.6
2024-12-18,Compliance,133,22,33.8,3,39,9.7
2024-12-18,Operations,287,67,28.9,4,23,12.0
2024-12-19,Underwriting,149,66,28.0,0,22,6.9
2024-12-19,Closing,146,36,14.0,4,30,15.8
2024-12-19,Client Services,272,79,33.5,8,30,17.9
2024-12-19,Compliance,209,10,11.8,1,37,0.5
2024-12-19,Operations,258,51,23.3,4,35,6.5
2024-12-20,Underwriting,233,66,18.7,3,22,19.4
2024-12-20,Closing,245,24,11.5,2,16,8.9
2024-12-20,Client Services,219,76,28.9,5,32,19.3
2024-12-20,Compliance,287,63,19.4,2,23,12.6
2024-12-20,Operations,94,16,21.1,4,43,18.0
2024-12-23,Underwriting,121,39,12.5,6,50,19.3
2024-12-23,Closing,223,14,17.5,7,41,19.5
2024-12-23,Client Services,226,24,9.3,0,15,6.3
2024-12-23,Compliance,267,52,10.7,6,30,3.1
2024-12-23,Operations,216,33,15.1,5,29,17.1
2024-12-24,Underwriting,209,72,32.6,6,22,16.8
2024-12-24,Closing,141,27,29.6,0,43,14.0
2024-12-24,Client Services,109,33,19.7,4,15,7.0
2024-12-24,Compliance,222,26,14.1,8,35,8.2
2024-12-24,Operations,139,54,11.3,5,48,5.3
2024-12-25,Underwriting,159,58,22.4,1,33,13.7
2024-12-25,Closing,262,75,18.2,7,33,7.4
2024-12-25,Client Services,173,72,34.7,5,44,15.6
2024-12-25,Compliance,191,34,33.7,5,37,1.6
2024-12-25,Operations,204,41,21.7,6,37,2.3
2024-12-26,Underwriting,199,78,15.0,8,32,14.2
2024-12-26,Closing,147,29,29.7,4,18,12.0
2024-12-26,Client Services,223,45,21.6,4,18,11.3
2024-12-26,Compliance,143,19,23.1,1,48,2.9
2024-12-26,Operations,73,12,11.5,6,40,4.4
2024-12-27,Underwriting,85,42,18.4,3,27,14.7
2024-12-27,Closing,152,11,32.3,6,15,4.9
2024-12-27,Client Services,174,35,25.2,6,39,9.8
2024-12-27,Compliance,185,58,12.8,7,31,5.1
2024-12-27,Operations,93,40,12.5,8,30,3.5
2024-12-30,Underwriting,241,56,34.7,1,29,17.7
2024-12-30,Closing,92,36,16.0,1,32,8.2
2024-12-30,Client Services,155,26,13.3,3,18,19.0
2024-12-30,Compliance,186,60,32.9,0,42,5.3
2024-12-30,Operations,281,14,34.3,0,37,11.6
